Pokemon,Score,Type 1,Type 2,Fast Move,Charged Move 1,Charged Move 2
Registeel,98,steel,none,Lock On,Focus Blast,Zap Cannon
Stunfisk (Galarian),94,ground,steel,Mud Shot,Rock Slide,Earthquake
Swampert,93.8,water,ground,Mud Shot,Hydro Cannon,Earthquake
Walrein,93.5,ice,water,Powder Snow,Icicle Spear,Earthquake
Trevenant,93.4,ghost,grass,Shadow Claw,Seed Bomb,Shadow Ball
Swampert (Shadow),93,water,ground,Mud Shot,Hydro Cannon,Earthquake
Scrafty,92.5,dark,fighting,Counter,Foul Play,Power-Up Punch
Medicham,91.8,fighting,psychic,Counter,Ice Punch,Psychic
Lickitung,91.5,normal,none,Lick,Body Slam,Power Whip
Altaria,91.4,dragon,flying,Dragon Breath,Sky Attack,Moonblast
Walrein (Shadow),90.9,ice,water,Powder Snow,Icicle Spear,Earthquake
Bastiodon,89.8,rock,steel,Smack Down,Stone Edge,Flamethrower
Machamp (Shadow),89.4,fighting,none,Counter,Cross Chop,Rock Slide
Sneasler,88.8,fighting,poison,Shadow Claw,Close Combat,X-Scissor
Diggersby,88.6,normal,ground,Mud Shot,Fire Punch,Earthquake
Nidoqueen,88.6,poison,ground,Poison Jab,Poison Fang,Earth Power
Nidoqueen (Shadow),88.6,poison,ground,Poison Jab,Poison Fang,Earth Power
Regirock,88.4,rock,none,Lock On,Stone Edge,Focus Blast
Azumarill,88.1,water,fairy,Bubble,Play Rough,Hydro Pump
Araquanid,87.7,water,bug,Bug Bite,Bug Buzz,Bubble Beam
Kommo-o,87.5,dragon,fighting,Dragon Tail,Close Combat,Dragon Claw
Lurantis,87.3,grass,none,Fury Cutter,Leaf Blade,Superpower
Whiscash,87.3,water,ground,Mud Shot,Mud Bomb,Blizzard
Mandibuzz,87.1,dark,flying,Snarl,Foul Play,Aerial Ace
Skarmory,87.1,steel,flying,Air Slash,Brave Bird,Sky Attack
Pachirisu,86.9,electric,none,Volt Switch,Thunder Punch,Thunderbolt
Tapu Fini,86.9,water,fairy,Water Gun,Surf,Moonblast
Lucario,86.8,fighting,steel,Counter,Power-Up Punch,Shadow Ball
Obstagoon,86.6,dark,normal,Counter,Night Slash,Obstruct
Cofagrigus,86.5,ghost,none,Shadow Claw,Shadow Ball,Psychic
Golbat,86.5,poison,flying,Wing Attack,Poison Fang,Shadow Ball
Sableye,86.5,dark,ghost,Shadow Claw,Foul Play,Return
Vigoroth,86.5,normal,none,Counter,Body Slam,Bulldoze
Deoxys (Defense),86.4,psychic,none,Counter,Psycho Boost,Thunderbolt
Machamp,86.4,fighting,none,Counter,Cross Chop,Rock Slide
Qwilfish (Hisuian),86.4,dark,poison,Poison Jab,Aqua Tail,Shadow Ball
Tropius,86.4,grass,flying,Air Slash,Leaf Blade,Aerial Ace
Buzzwole,86.3,bug,fighting,Counter,Superpower,Lunge
Golbat (Shadow),86.2,poison,flying,Wing Attack,Poison Fang,Shadow Ball
Magnezone (Shadow),86.2,electric,steel,Spark,Wild Charge,Mirror Shot
Umbreon,86.2,dark,none,Snarl,Foul Play,Last Resort
Cresselia,86.1,psychic,none,Psycho Cut,Grass Knot,Moonblast
Meganium,86.1,grass,none,Vine Whip,Frenzy Plant,Earthquake
Abomasnow (Shadow),85.9,grass,ice,Powder Snow,Weather Ball (Ice),Energy Ball
Beedrill (Shadow),85.9,bug,poison,Poison Jab,X-Scissor,Drill Run
Castform (Rainy),85.7,water,none,Water Gun,Weather Ball (Water),Thunder
Luxray (Shadow),85.7,electric,none,Spark,Wild Charge,Psychic Fangs
Marowak (Alolan) (Shadow),85.4,fire,ghost,Fire Spin,Shadow Bone,Bone Club
Noctowl,85.4,normal,flying,Wing Attack,Sky Attack,Shadow Ball
Quagsire,85.3,water,ground,Mud Shot,Earthquake,Stone Edge
Sableye (Shadow),85.3,dark,ghost,Shadow Claw,Foul Play,Power Gem
Wigglytuff,85.3,normal,fairy,Charm,Ice Beam,Play Rough
Sirfetch'd,85.2,fighting,none,Counter,Leaf Blade,Night Slash
Munchlax,85.1,normal,none,Lick,Body Slam,Bulldoze
Politoed (Shadow),85,water,none,Mud Shot,Weather Ball (Water),Earthquake
Wobbuffet,85,psychic,none,Counter,Return,Mirror Coat
Zweilous,85,dark,dragon,Dragon Breath,Body Slam,Dark Pulse
Overqwil,84.9,dark,poison,Poison Jab,Aqua Tail,Shadow Ball
Ninetales (Alolan),84.8,ice,fairy,Charm,Weather Ball (Ice),Psyshock
Primeape,84.8,fighting,none,Counter,Night Slash,Close Combat
Granbull (Shadow),84.7,fairy,none,Charm,Close Combat,Crunch
Hakamo-o,84.6,dragon,fighting,Dragon Tail,Dragon Claw,Brick Break
Snorlax (Shadow),84.6,normal,none,Lick,Body Slam,Superpower
Samurott,84.5,water,none,Fury Cutter,Hydro Cannon,Megahorn
Bewear,84.4,normal,fighting,Shadow Claw,Superpower,Stomp
Meganium (Shadow),84.4,grass,none,Vine Whip,Frenzy Plant,Earthquake
Mew,84.4,psychic,none,Shadow Claw,Wild Charge,Surf
Snorlax,84.3,normal,none,Lick,Body Slam,Superpower
Toxicroak,84.3,poison,fighting,Counter,Mud Bomb,Sludge Bomb
Froslass,84.2,ice,ghost,Powder Snow,Avalanche,Shadow Ball
Pelipper,84.2,water,flying,Wing Attack,Weather Ball (Water),Hurricane
Electivire (Shadow),84.1,electric,none,Thunder Shock,Ice Punch,Wild Charge
Escavalier,84.1,bug,steel,Counter,Drill Run,Megahorn
Magnezone,84.1,electric,steel,Spark,Wild Charge,Mirror Shot
Serperior,84.1,grass,none,Vine Whip,Frenzy Plant,Aerial Ace
Skarmory (Shadow),84.1,steel,flying,Air Slash,Brave Bird,Sky Attack
Venusaur (Shadow),84.1,grass,poison,Vine Whip,Frenzy Plant,Sludge Bomb
Hitmontop,84,fighting,none,Counter,Close Combat,Stone Edge
Stunfisk,84,ground,electric,Thunder Shock,Mud Bomb,Discharge
Venusaur,84,grass,poison,Vine Whip,Frenzy Plant,Sludge Bomb
Galvantula,83.9,bug,electric,Volt Switch,Discharge,Lunge
Gourgeist (Super),83.9,ghost,grass,Hex,Seed Bomb,Shadow Ball
Forretress,83.7,bug,steel,Bug Bite,Earthquake,Mirror Shot
Lickilicky,83.7,normal,none,Lick,Body Slam,Shadow Ball
Zangoose,83.7,normal,none,Shadow Claw,Close Combat,Night Slash
Castform (Snowy),83.6,ice,none,Powder Snow,Weather Ball (Ice),Blizzard
Falinks,83.6,fighting,none,Counter,Superpower,Megahorn
Pidgeot,83.6,normal,flying,Gust,Feather Dance,Brave Bird
Raikou (Shadow),83.6,electric,none,Thunder Shock,Wild Charge,Shadow Ball
Regice,83.6,ice,none,Lock On,Thunder,Blizzard
Zapdos (Shadow),83.6,electric,flying,Thunder Shock,Drill Peck,Thunderbolt
Ninetales (Shadow),83.5,fire,none,Fire Spin,Weather Ball (Fire),Overheat
Jellicent,83.4,water,ghost,Hex,Bubble Beam,Shadow Ball
Sneasel (Hisuian),83.4,fighting,poison,Poison Jab,Close Combat,X-Scissor
Gardevoir (Shadow),83.3,psychic,fairy,Charm,Synchronoise,Shadow Ball
Flygon (Shadow),83.2,ground,dragon,Dragon Tail,Dragon Claw,Earth Power
Zapdos,83.2,electric,flying,Thunder Shock,Drill Peck,Thunder
Dragonair (Shadow),83.1,dragon,none,Dragon Breath,Aqua Tail,Dragon Pulse
Abomasnow,83,grass,ice,Powder Snow,Weather Ball (Ice),Energy Ball
Blastoise,83,water,none,Water Gun,Hydro Cannon,Ice Beam
Clefable,83,fairy,none,Charm,Meteor Mash,Moonblast
Machoke (Shadow),82.7,fighting,none,Karate Chop,Cross Chop,Dynamic Punch
Blaziken,82.6,fire,fighting,Counter,Blaze Kick,Stone Edge
Ninetales,82.6,fire,none,Fire Spin,Weather Ball (Fire),Overheat
Dewgong,82.5,water,ice,Ice Shard,Icy Wind,Water Pulse
Beedrill,82.3,bug,poison,Poison Jab,X-Scissor,Drill Run
Ferrothorn,82.3,grass,steel,Bullet Seed,Power Whip,Thunder
Gourgeist (Average),82.3,ghost,grass,Hex,Seed Bomb,Shadow Ball
Lapras,82.3,water,ice,Ice Shard,Surf,Skull Bash
Skuntank (Shadow),82.3,poison,dark,Poison Jab,Crunch,Flamethrower
Talonflame,82.3,fire,flying,Incinerate,Brave Bird,Flame Charge
Gourgeist (Large),82.2,ghost,grass,Hex,Seed Bomb,Shadow Ball
Jumpluff (Shadow),82.2,grass,flying,Bullet Seed,Acrobatics,Energy Ball
Slurpuff,82.2,fairy,none,Charm,Flamethrower,Energy Ball
Steelix,82.2,steel,ground,Dragon Tail,Crunch,Earthquake
Excadrill,82.1,ground,steel,Mud Shot,Drill Run,Rock Slide
Gourgeist (Small),82.1,ghost,grass,Hex,Seed Bomb,Shadow Ball
Lanturn,82.1,water,electric,Spark,Thunderbolt,Hydro Pump
Aromatisse,82,fairy,none,Charm,Moonblast,Psychic
Chesnaught,82,grass,fighting,Vine Whip,Superpower,Energy Ball
Hitmonchan (Shadow),82,fighting,none,Counter,Ice Punch,Thunder Punch
Jumpluff,82,grass,flying,Bullet Seed,Acrobatics,Energy Ball
Quagsire (Shadow),82,water,ground,Mud Shot,Earthquake,Stone Edge
Sylveon,82,fairy,none,Charm,Moonblast,Psyshock
Lapras (Shadow),81.8,water,ice,Ice Shard,Surf,Skull Bash
Machoke,81.8,fighting,none,Karate Chop,Cross Chop,Dynamic Punch
Dedenne,81.7,electric,fairy,Thunder Shock,Discharge,Play Rough
Dragonite (Shadow),81.7,dragon,flying,Dragon Breath,Dragon Claw,Hurricane
Goodra,81.7,dragon,none,Dragon Breath,Power Whip,Muddy Water
Pangoro,81.7,fighting,dark,Snarl,Close Combat,Night Slash
Perrserker,81.7,steel,none,Shadow Claw,Close Combat,Foul Play
Skuntank,81.7,poison,dark,Poison Jab,Crunch,Sludge Bomb
Whimsicott,81.7,grass,fairy,Charm,Grass Knot,Moonblast
Marshtomp,81.6,water,ground,Mud Shot,Surf,Mud Bomb
Shiftry (Shadow),81.6,grass,dark,Snarl,Leaf Blade,Foul Play
Heracross,81.5,bug,fighting,Counter,Close Combat,Rock Blast
Sandslash (Alolan) (Shadow),81.5,ice,steel,Shadow Claw,Ice Punch,Bulldoze
Politoed,81.4,water,none,Mud Shot,Weather Ball (Water),Earthquake
Spritzee,81.4,fairy,none,Charm,Thunderbolt,Draining Kiss
Togekiss,81.4,fairy,flying,Charm,Ancient Power,Flamethrower
Electivire,81.3,electric,none,Thunder Shock,Ice Punch,Wild Charge
Grimer (Alolan),81.3,poison,dark,Poison Jab,Crunch,Sludge Bomb
Grimer (Shadow),81.3,poison,none,Poison Jab,Mud Bomb,Sludge Bomb
Hitmonchan,81.2,fighting,none,Counter,Ice Punch,Thunder Punch
Empoleon,81.1,water,steel,Waterfall,Hydro Cannon,Drill Peck
Gliscor,81.1,ground,flying,Wing Attack,Earthquake,Night Slash
Bellossom (Shadow),81,grass,none,Bullet Seed,Leaf Blade,Dazzling Gleam
Blastoise (Shadow),80.9,water,none,Water Gun,Hydro Cannon,Ice Beam
Ariados,80.8,bug,poison,Poison Sting,Cross Poison,Megahorn
Raichu,80.8,electric,none,Volt Switch,Wild Charge,Thunder Punch
Seviper,80.7,poison,none,Poison Jab,Poison Fang,Crunch
Gengar,80.6,ghost,poison,Shadow Claw,Shadow Ball,Shadow Punch
Drapion,80.5,poison,dark,Poison Sting,Crunch,Sludge Bomb
Hariyama,80.5,fighting,none,Counter,Close Combat,Heavy Slam
Marshtomp (Shadow),80.5,water,ground,Mud Shot,Surf,Mud Bomb
Drapion (Shadow),80.4,poison,dark,Poison Sting,Crunch,Sludge Bomb
Gligar,80.3,ground,flying,Wing Attack,Night Slash,Return
Gliscor (Shadow),80.3,ground,flying,Wing Attack,Earthquake,Night Slash
Lycanroc (Midnight),80.3,rock,none,Counter,Stone Edge,Psychic Fangs
Poliwrath (Shadow),80.3,water,fighting,Mud Shot,Dynamic Punch,Ice Punch
Qwilfish,80.3,water,poison,Poison Sting,Aqua Tail,Sludge Wave
Sealeo (Shadow),80.3,ice,water,Powder Snow,Body Slam,Aurora Beam
Zapdos (Galarian),80.3,fighting,flying,Counter,Ancient Power,Brave Bird
Alomomola,80.2,water,none,Waterfall,Psychic,Hydro Pump
Bayleef (Shadow),80.2,grass,none,Razor Leaf,Grass Knot,Ancient Power
Bellossom,80.2,grass,none,Bullet Seed,Leaf Blade,Return
Flygon,80.2,ground,dragon,Mud Shot,Dragon Claw,Earth Power
Granbull,80.2,fairy,none,Charm,Close Combat,Crunch
Gyarados (Shadow),80.2,water,flying,Dragon Breath,Aqua Tail,Crunch
Barbaracle,80.1,rock,water,Fury Cutter,Stone Edge,Cross Chop
Dragalge,80.1,poison,dragon,Dragon Tail,Aqua Tail,Gunk Shot
Marowak (Alolan),80.1,fire,ghost,Fire Spin,Shadow Bone,Bone Club
Victreebel (Shadow),80.1,grass,poison,Razor Leaf,Leaf Blade,Acid Spray
Cradily,80,rock,grass,Bullet Seed,Stone Edge,Grass Knot
Primarina,80,water,fairy,Charm,Moonblast,Psychic
Quilladin,80,grass,none,Vine Whip,Body Slam,Energy Ball
Farfetch'd (Galarian),79.9,fighting,none,Fury Cutter,Leaf Blade,Brave Bird
Nidorina (Shadow),79.9,poison,none,Poison Sting,Poison Fang,Sludge Bomb
Pinsir (Shadow),79.9,bug,none,Fury Cutter,Close Combat,X-Scissor
Drifblim,79.8,ghost,flying,Hex,Icy Wind,Shadow Ball
Sandslash (Alolan),79.8,ice,steel,Shadow Claw,Ice Punch,Bulldoze
Aurorus,79.7,rock,ice,Powder Snow,Weather Ball (Ice),Thunderbolt
Hypno,79.7,psychic,none,Confusion,Shadow Ball,Thunder Punch
Roserade,79.7,grass,poison,Bullet Seed,Weather Ball (Fire),Leaf Storm
Venomoth (Shadow),79.7,bug,poison,Infestation,Poison Fang,Bug Buzz
Graveler (Alolan),79.6,rock,electric,Volt Switch,Stone Edge,Rock Blast
Sealeo,79.6,ice,water,Powder Snow,Body Slam,Aurora Beam
Dragonair,79.5,dragon,none,Dragon Breath,Aqua Tail,Return
Electrode (Hisuian),79.5,electric,grass,Thunder Shock,Wild Charge,Energy Ball
Genesect,79.5,bug,steel,Fury Cutter,X-Scissor,Techno Blast (Normal)
Golem (Alolan),79.5,rock,electric,Volt Switch,Wild Charge,Rock Blast
Raikou,79.5,electric,none,Thunder Shock,Wild Charge,Shadow Ball
Linoone,79.4,normal,none,Shadow Claw,Grass Knot,Thunder
Amaura,79.3,rock,ice,Powder Snow,Weather Ball (Ice),Thunderbolt
Zebstrika,79.3,electric,none,Spark,Wild Charge,Flame Charge
Castform (Sunny),79.2,fire,none,Ember,Weather Ball (Fire),Solar Beam
Charizard (Shadow),79.2,fire,flying,Fire Spin,Blast Burn,Dragon Claw
Gyarados,79.2,water,flying,Dragon Breath,Aqua Tail,Crunch
Haunter,79.2,ghost,poison,Shadow Claw,Shadow Punch,Shadow Ball
Sceptile,79.2,grass,none,Bullet Seed,Leaf Blade,Earthquake
Hariyama (Shadow),79.1,fighting,none,Counter,Close Combat,Heavy Slam
Pinsir,79.1,bug,none,Fury Cutter,Close Combat,X-Scissor
Charjabug,79,bug,electric,Spark,X-Scissor,Discharge
Forretress (Shadow),79,bug,steel,Bug Bite,Earthquake,Mirror Shot
Gloom (Shadow),79,grass,poison,Razor Leaf,Sludge Bomb,Moonblast
Muk (Shadow),79,poison,none,Poison Jab,Thunder Punch,Dark Pulse
Salazzle,79,poison,fire,Incinerate,Poison Fang,Dragon Pulse
Latios (Shadow),78.9,dragon,psychic,Dragon Breath,Dragon Claw,Luster Purge
Magcargo,78.9,fire,rock,Incinerate,Rock Tomb,Overheat
Melmetal,78.9,steel,none,Thunder Shock,Superpower,Rock Slide
Dragonite,78.8,dragon,flying,Dragon Breath,Dragon Claw,Hurricane
Wailmer,78.7,water,none,Water Gun,Body Slam,Heavy Slam
Dusclops (Shadow),78.6,ghost,none,Hex,Fire Punch,Shadow Punch
Probopass,78.6,rock,steel,Spark,Rock Slide,Thunderbolt
Sandslash,78.6,ground,none,Mud Shot,Night Slash,Earthquake
Grimer,78.5,poison,none,Poison Jab,Mud Bomb,Sludge Bomb
Magmar (Shadow),78.5,fire,none,Karate Chop,Fire Punch,Flamethrower
Probopass (Shadow),78.5,rock,steel,Spark,Rock Slide,Thunderbolt
Raichu (Alolan),78.5,electric,psychic,Volt Switch,Wild Charge,Grass Knot
Shiftry,78.5,grass,dark,Snarl,Leaf Blade,Foul Play
Honchkrow,78.4,dark,flying,Snarl,Brave Bird,Sky Attack
Muk (Alolan),78.4,poison,dark,Snarl,Dark Pulse,Sludge Wave
Vaporeon,78.4,water,none,Water Gun,Aqua Tail,Last Resort
Greedent,78.3,normal,none,Bullet Seed,Body Slam,Crunch
Venomoth,78.3,bug,poison,Infestation,Poison Fang,Bug Buzz
Farfetch'd,78.2,normal,flying,Fury Cutter,Leaf Blade,Aerial Ace
Ivysaur,78.2,grass,poison,Vine Whip,Power Whip,Sludge Bomb
Servine,78.2,grass,none,Vine Whip,Grass Knot,Wrap
Tangrowth (Shadow),78.2,grass,none,Vine Whip,Power Whip,Rock Slide
Articuno,78.1,ice,flying,Ice Shard,Icy Wind,Hurricane
Cradily (Shadow),78.1,rock,grass,Bullet Seed,Stone Edge,Grass Knot
Crobat (Shadow),78.1,poison,flying,Air Slash,Poison Fang,Shadow Ball
Druddigon,78.1,dragon,none,Dragon Tail,Dragon Claw,Night Slash
Grotle (Shadow),78.1,grass,none,Razor Leaf,Body Slam,Energy Ball
Crobat,78,poison,flying,Air Slash,Poison Fang,Shadow Ball
Muk,78,poison,none,Poison Jab,Thunder Punch,Dark Pulse
Seaking,78,water,none,Poison Jab,Drill Run,Icy Wind
Tangrowth,78,grass,none,Vine Whip,Power Whip,Rock Slide
Vileplume (Shadow),78,grass,poison,Razor Leaf,Sludge Bomb,Moonblast
Charizard,77.8,fire,flying,Fire Spin,Blast Burn,Dragon Claw
Gastrodon,77.8,water,ground,Mud Slap,Body Slam,Earth Power
Poliwrath,77.8,water,fighting,Mud Shot,Dynamic Punch,Ice Punch
Vespiquen,77.8,bug,flying,Fury Cutter,X-Scissor,Power Gem
Sandslash (Shadow),77.6,ground,none,Mud Shot,Night Slash,Earthquake
Magneton (Shadow),77.5,electric,steel,Thunder Shock,Magnet Bomb,Discharge
Donphan,77.4,ground,none,Counter,Body Slam,Earthquake
Nidoking (Shadow),77.4,poison,ground,Poison Jab,Sand Tomb,Earth Power
Sudowoodo,77.4,rock,none,Counter,Rock Slide,Earthquake
Gardevoir,77.3,psychic,fairy,Charm,Synchronoise,Shadow Ball
Grotle,77.3,grass,none,Razor Leaf,Body Slam,Energy Ball
Wormadam (Trash),77.3,bug,steel,Confusion,Bug Buzz,Iron Head
Luxray,77.2,electric,none,Snarl,Wild Charge,Psychic Fangs
Vullaby,77.2,dark,flying,Air Slash,Brave Bird,Foul Play
Hydreigon,77.1,dark,dragon,Dragon Breath,Brutal Swing,Flash Cannon
Luxio (Shadow),77.1,electric,none,Spark,Wild Charge,Crunch
Scizor (Shadow),77.1,bug,steel,Bullet Punch,Night Slash,Iron Head
Tirtouga,77.1,water,rock,Water Gun,Surf,Body Slam
Lugia,77,psychic,flying,Dragon Tail,Sky Attack,Aeroblast
Magnemite (Shadow),77,electric,steel,Thunder Shock,Magnet Bomb,Discharge
Relicanth,77,water,rock,Water Gun,Aqua Tail,Ancient Power
Bibarel,76.9,normal,water,Water Gun,Surf,Hyper Fang
Nidoking,76.9,poison,ground,Poison Jab,Sand Tomb,Earth Power
Ivysaur (Shadow),76.8,grass,poison,Vine Whip,Power Whip,Sludge Bomb
Avalugg,76.7,ice,none,Ice Fang,Avalanche,Body Slam
Poliwhirl (Shadow),76.7,water,none,Mud Shot,Scald,Mud Bomb
Electrode (Shadow),76.6,electric,none,Volt Switch,Discharge,Foul Play
Gallade (Shadow),76.6,psychic,fighting,Confusion,Close Combat,Leaf Blade
Hypno (Shadow),76.6,psychic,none,Confusion,Thunder Punch,Fire Punch
Florges,76.5,fairy,none,Vine Whip,Disarming Voice,Psychic
Gligar (Shadow),76.4,ground,flying,Wing Attack,Night Slash,Dig
Piloswine,76.4,ice,ground,Powder Snow,Avalanche,Bulldoze
Feraligatr (Shadow),76.3,water,none,Waterfall,Hydro Cannon,Crunch
Chansey,76.2,normal,none,Zen Headbutt,Psychic,Hyper Beam
Jirachi,76.2,steel,psychic,Confusion,Doom Desire,Psychic
Nidorina,76.1,poison,none,Poison Sting,Poison Fang,Return
Bayleef,76,grass,none,Razor Leaf,Grass Knot,Ancient Power
Fraxure,76,dragon,none,Dragon Tail,Dragon Claw,Night Slash
Gallade,76,psychic,fighting,Confusion,Close Combat,Leaf Blade
Honchkrow (Shadow),76,dark,flying,Snarl,Brave Bird,Sky Attack
Malamar,76,dark,psychic,Psycho Cut,Superpower,Foul Play
Dartrix,75.8,grass,flying,Razor Leaf,Brave Bird,Seed Bomb
Grovyle,75.8,grass,none,Bullet Seed,Leaf Blade,Aerial Ace
Klinklang,75.8,steel,none,Thunder Shock,Mirror Shot,Zap Cannon
Magneton,75.8,electric,steel,Thunder Shock,Discharge,Magnet Bomb
Nidorino (Shadow),75.8,poison,none,Poison Jab,Sludge Bomb,Horn Attack
Bonsly,75.7,rock,none,Counter,Rock Slide,Earthquake
Dusclops,75.7,ghost,none,Hex,Fire Punch,Return
Latios,75.7,dragon,psychic,Dragon Breath,Dragon Claw,Luster Purge
Mantine,75.7,water,flying,Bubble,Bubble Beam,Ice Beam
Poliwhirl,75.7,water,none,Mud Shot,Scald,Mud Bomb
Scolipede,75.7,bug,poison,Poison Jab,X-Scissor,Sludge Bomb
Tyrunt,75.7,rock,dragon,Dragon Tail,Dragon Claw,Ancient Power
Golduck (Shadow),75.6,water,none,Water Gun,Cross Chop,Ice Beam
Sudowoodo (Shadow),75.6,rock,none,Counter,Rock Slide,Earthquake
Ampharos,75.5,electric,none,Volt Switch,Thunder Punch,Focus Blast
Gloom,75.5,grass,poison,Razor Leaf,Sludge Bomb,Moonblast
Luxio,75.5,electric,none,Spark,Wild Charge,Crunch
Magmortar (Shadow),75.5,fire,none,Karate Chop,Fire Punch,Thunderbolt
Bibarel (Shadow),75.4,normal,water,Water Gun,Surf,Hyper Fang
Carracosta,75.4,water,rock,Water Gun,Surf,Body Slam
Castform,75.4,normal,none,Hex,Weather Ball (Rock),Energy Ball
Mawile (Shadow),75.4,steel,fairy,Fire Fang,Power-Up Punch,Play Rough
Porygon2,75.3,normal,none,Lock On,Tri Attack,Zap Cannon
Emolga,75.2,electric,flying,Thunder Shock,Discharge,Aerial Ace
Floette,75.2,fairy,none,Vine Whip,Psychic,Dazzling Gleam
Leafeon,75.2,grass,none,Bullet Seed,Leaf Blade,Last Resort
Piloswine (Shadow),75.2,ice,ground,Powder Snow,Avalanche,Bulldoze
Sandshrew (Alolan),75.2,ice,steel,Powder Snow,Night Slash,Blizzard
Torterra (Shadow),75.2,grass,ground,Razor Leaf,Frenzy Plant,Stone Edge
Articuno (Shadow),75.1,ice,flying,Ice Shard,Icy Wind,Hurricane
Electrode,75.1,electric,none,Volt Switch,Discharge,Foul Play
Milotic,75.1,water,none,Dragon Tail,Surf,Blizzard
Sandshrew (Alolan) (Shadow),75.1,ice,steel,Powder Snow,Night Slash,Blizzard
Porygon2 (Shadow),75,normal,none,Lock On,Tri Attack,Zap Cannon
Typhlosion,75,fire,none,Incinerate,Blast Burn,Solar Beam
Ludicolo,74.9,water,grass,Bubble,Ice Beam,Leaf Storm
Magnemite,74.9,electric,steel,Thunder Shock,Magnet Bomb,Discharge
Victreebel,74.9,grass,poison,Razor Leaf,Leaf Blade,Acid Spray
Wailord,74.9,water,none,Water Gun,Surf,Blizzard
Golem,74.8,rock,ground,Mud Shot,Stone Edge,Rock Blast
Haxorus,74.8,dragon,none,Counter,Dragon Claw,Night Slash
Spinda,74.8,normal,none,Psycho Cut,Icy Wind,Rock Tomb
Ampharos (Shadow),74.7,electric,none,Volt Switch,Thunder Punch,Focus Blast
Dewott,74.7,water,none,Fury Cutter,Aqua Tail,X-Scissor
Feraligatr,74.7,water,none,Waterfall,Hydro Cannon,Crunch
Ledian,74.7,bug,flying,Bug Bite,Aerial Ace,Bug Buzz
Scizor,74.7,bug,steel,Bullet Punch,X-Scissor,Iron Head
Bronzong,74.6,steel,psychic,Confusion,Psyshock,Payback
Rapidash,74.6,fire,none,Incinerate,Drill Run,Flame Charge
Typhlosion (Shadow),74.6,fire,none,Incinerate,Blast Burn,Solar Beam
Leavanny,74.5,bug,grass,Razor Leaf,Leaf Blade,X-Scissor
Carnivine,74.4,grass,none,Vine Whip,Crunch,Power Whip
Cherrim (Sunshine),74.3,grass,none,Bullet Seed,Weather Ball (Fire),Solar Beam
Dugtrio,74.3,ground,none,Mud Shot,Mud Bomb,Stone Edge
Electabuzz (Shadow),74.3,electric,none,Thunder Shock,Thunder Punch,Thunderbolt
Golduck,74.3,water,none,Water Gun,Cross Chop,Ice Beam
Seismitoad,74.3,water,ground,Mud Shot,Earth Power,Sludge Bomb
Wobbuffet (Shadow),74.3,psychic,none,Counter,Mirror Coat,Frustration
Conkeldurr,74.2,fighting,none,Counter,Dynamic Punch,Stone Edge
Durant,74.2,bug,steel,Bug Bite,X-Scissor,Stone Edge
Mawile,74.2,steel,fairy,Fire Fang,Power-Up Punch,Play Rough
Moltres (Galarian),74.2,dark,flying,Wing Attack,Ancient Power,Brave Bird
Decidueye,74.1,grass,ghost,Razor Leaf,Brave Bird,Energy Ball
Palpitoad,74.1,water,ground,Mud Shot,Earth Power,Sludge Wave
Gurdurr,74,fighting,none,Poison Jab,Brick Break,Stone Edge
Lugia (Shadow),74,psychic,flying,Dragon Tail,Sky Attack,Aeroblast
Celebi,73.9,psychic,grass,Magical Leaf,Seed Bomb,Leaf Storm
Linoone (Galarian),73.9,dark,normal,Snarl,Body Slam,Gunk Shot
Oddish (Shadow),73.9,grass,poison,Razor Leaf,Seed Bomb,Sludge Bomb
Tentacruel,73.8,water,poison,Poison Jab,Acid Spray,Hydro Pump
Vileplume,73.7,grass,poison,Razor Leaf,Sludge Bomb,Petal Blizzard
Shelgon,73.6,dragon,none,Dragon Breath,Flamethrower,Twister
Croconaw (Shadow),73.5,water,none,Water Gun,Crunch,Ice Punch
Omastar (Shadow),73.5,rock,water,Mud Shot,Rock Slide,Rock Blast
Rapidash (Galarian),73.5,psychic,fairy,Psycho Cut,Body Slam,Play Rough
Fletchinder,73.4,fire,flying,Ember,Flame Charge,Aerial Ace
Growlithe (Shadow),73.2,fire,none,Ember,Body Slam,Flamethrower
Pawniard,73,dark,steel,Fury Cutter,Night Slash,X-Scissor
Crustle,72.9,bug,rock,Smack Down,Rock Slide,X-Scissor
Glalie,72.9,ice,none,Ice Shard,Avalanche,Shadow Ball
Magmortar,72.9,fire,none,Karate Chop,Fire Punch,Thunderbolt
Minun,72.9,electric,none,Spark,Thunderbolt,Grass Knot
Lileep,72.8,rock,grass,Bullet Seed,Grass Knot,Ancient Power
Nidorino,72.8,poison,none,Poison Jab,Sludge Bomb,Horn Attack
Oranguru,72.8,normal,psychic,Confusion,Foul Play,Future Sight
Torterra,72.8,grass,ground,Razor Leaf,Frenzy Plant,Stone Edge
Crawdaunt,72.7,water,dark,Snarl,Night Slash,Crabhammer
Croconaw,72.7,water,none,Water Gun,Crunch,Ice Punch
Dunsparce,72.7,normal,none,Bite,Drill Run,Rock Slide
Geodude (Alolan),72.7,rock,electric,Volt Switch,Rock Slide,Thunderbolt
Ho-Oh,72.7,fire,flying,Incinerate,Brave Bird,Earthquake
Pumpkaboo (Super),72.6,ghost,grass,Razor Leaf,Grass Knot,Foul Play
Wartortle,72.6,water,none,Water Gun,Ice Beam,Hydro Pump
Delcatty,72.5,normal,none,Charm,Wild Charge,Disarming Voice
Litleo,72.5,fire,normal,Ember,Flame Charge,Crunch
Machop (Shadow),72.5,fighting,none,Karate Chop,Cross Chop,Brick Break
Raticate (Alolan),72.5,dark,normal,Quick Attack,Crunch,Hyper Fang
Marowak (Shadow),72.4,ground,none,Mud Slap,Bone Club,Earthquake
Hippowdon,72.3,ground,none,Fire Fang,Weather Ball (Rock),Earth Power
Houndoom (Shadow),72.3,dark,fire,Snarl,Crunch,Flamethrower
Infernape,72.3,fire,fighting,Fire Spin,Close Combat,Blast Burn
Rufflet,72.3,normal,flying,Wing Attack,Brave Bird,Aerial Ace
Charmeleon (Shadow),72.2,fire,none,Ember,Fire Punch,Flamethrower
Darmanitan (Standard),72.2,fire,none,Incinerate,Rock Slide,Overheat
Huntail,72.2,water,none,Water Gun,Aqua Tail,Crunch
Scraggy,72.2,dark,fighting,Feint Attack,Foul Play,Brick Break
Machop,72.1,fighting,none,Karate Chop,Cross Chop,Return
Spiritomb,72.1,ghost,dark,Sucker Punch,Shadow Ball,Ominous Wind
Swellow,72.1,normal,flying,Wing Attack,Brave Bird,Sky Attack
Raticate (Alolan) (Shadow),72,dark,normal,Quick Attack,Crunch,Hyper Fang
Simisage,71.9,grass,none,Vine Whip,Grass Knot,Crunch
Mamoswine (Shadow),71.8,ice,ground,Powder Snow,Avalanche,Bulldoze
Moltres,71.8,fire,flying,Fire Spin,Sky Attack,Overheat
Pumpkaboo (Large),71.8,ghost,grass,Razor Leaf,Grass Knot,Foul Play
Drifloon,71.7,ghost,flying,Hex,Icy Wind,Shadow Ball
Banette,71.6,ghost,none,Shadow Claw,Shadow Ball,Thunder
Comfey,71.6,fairy,none,Vine Whip,Grass Knot,Draining Kiss
Graveler,71.5,rock,ground,Mud Shot,Rock Slide,Rock Blast
Victini,71.5,psychic,fire,Confusion,V-Create,Psychic
Combusken,71.4,fire,fighting,Ember,Rock Slide,Flame Charge
Amoonguss,71.3,grass,poison,Feint Attack,Grass Knot,Sludge Bomb
Bouffalant,71.3,normal,none,Mud Shot,Stomp,Megahorn
Darumaka,71.3,fire,none,Fire Fang,Fire Punch,Flame Charge
Moltres (Shadow),71.3,fire,flying,Fire Spin,Sky Attack,Overheat
Nuzleaf (Shadow),71.3,grass,dark,Feint Attack,Leaf Blade,Foul Play
Uxie,71.3,psychic,none,Confusion,Future Sight,Thunder
Vikavolt,71.3,bug,electric,Spark,X-Scissor,Discharge
Exeggutor (Alolan) (Shadow),71.2,grass,dragon,Dragon Tail,Seed Bomb,Draco Meteor
Kingler,71.2,water,none,Mud Shot,Crabhammer,X-Scissor
Torkoal,71.2,fire,none,Fire Spin,Overheat,Earthquake
Krookodile,71.1,ground,dark,Snarl,Crunch,Earthquake
Prinplup,71.1,water,none,Bubble,Icy Wind,Hydro Pump
Mamoswine,71,ice,ground,Powder Snow,Avalanche,Bulldoze
Basculin,70.9,water,none,Water Gun,Aqua Tail,Muddy Water
Armaldo (Shadow),70.8,rock,bug,Fury Cutter,Rock Blast,Cross Poison
Bisharp,70.8,dark,steel,Snarl,Dark Pulse,X-Scissor
Furfrou,70.8,normal,none,Sucker Punch,Surf,Grass Knot
Mewtwo (Shadow),70.8,psychic,none,Psycho Cut,Psystrike,Thunderbolt
Pumpkaboo (Average),70.8,ghost,grass,Razor Leaf,Grass Knot,Foul Play
Vibrava (Shadow),70.8,ground,dragon,Dragon Breath,Sand Tomb,Bug Buzz
Kingdra,70.7,water,dragon,Dragon Breath,Outrage,Octazooka
Magmar,70.6,fire,none,Karate Chop,Fire Punch,Return
Arcanine (Shadow),70.5,fire,none,Snarl,Wild Charge,Flamethrower
Electabuzz,70.5,electric,none,Thunder Shock,Thunder Punch,Return
Swalot,70.5,poison,none,Infestation,Sludge Bomb,Ice Beam
Omastar,70.4,rock,water,Mud Shot,Rock Slide,Rock Blast
Scyther (Shadow),70.4,bug,flying,Fury Cutter,Night Slash,X-Scissor
Articuno (Galarian),70.3,psychic,flying,Psycho Cut,Ancient Power,Brave Bird
Banette (Shadow),70.3,ghost,none,Shadow Claw,Shadow Ball,Thunder
Golisopod,70.3,bug,water,Fury Cutter,X-Scissor,Aerial Ace
Growlithe,70.3,fire,none,Ember,Body Slam,Flamethrower
Mantyke,70.3,water,flying,Bubble,Aerial Ace,Ice Beam
Marowak,70.3,ground,none,Mud Slap,Bone Club,Earthquake
Turtwig (Shadow),70.3,grass,none,Razor Leaf,Body Slam,Seed Bomb
Nuzleaf,70.2,grass,dark,Feint Attack,Leaf Blade,Foul Play
Beartic,70.1,ice,none,Powder Snow,Ice Punch,Surf
Chandelure,70.1,ghost,fire,Incinerate,Flame Charge,Shadow Ball
Ho-Oh (Shadow),70.1,fire,flying,Incinerate,Brave Bird,Earthquake
Weepinbell (Shadow),70.1,grass,poison,Bullet Seed,Power Whip,Sludge Bomb
Mightyena (Shadow),70,dark,none,Ice Fang,Crunch,Poison Fang
Oddish,70,grass,poison,Razor Leaf,Seed Bomb,Sludge Bomb
Dusknoir,69.9,ghost,none,Hex,Shadow Ball,Dark Pulse
Kricketune,69.9,bug,none,Fury Cutter,X-Scissor,Aerial Ace
Aggron (Shadow),69.8,steel,rock,Smack Down,Stone Edge,Thunder
Alakazam,69.8,psychic,none,Counter,Fire Punch,Shadow Ball
Clamperl,69.8,water,none,Water Gun,Body Slam,Ice Beam
Kingdra (Shadow),69.8,water,dragon,Dragon Breath,Outrage,Octazooka
Ponyta,69.8,fire,none,Ember,Flame Charge,Stomp
Eelektrik,69.6,electric,none,Spark,Crunch,Discharge
Entei (Shadow),69.6,fire,none,Fire Spin,Flame Charge,Iron Head
Suicune (Shadow),69.6,water,none,Snarl,Bubble Beam,Hydro Pump
Vibrava,69.6,ground,dragon,Dragon Breath,Sand Tomb,Bug Buzz
Greninja,69.5,water,dark,Bubble,Night Slash,Surf
Heatmor,69.5,fire,none,Fire Spin,Flamethrower,Thunder Punch
Hippowdon (Shadow),69.5,ground,none,Fire Fang,Weather Ball (Rock),Earth Power
Claydol,69.4,ground,psychic,Confusion,Earth Power,Shadow Ball
Garchomp,69.4,dragon,ground,Dragon Tail,Sand Tomb,Outrage
Staravia (Shadow),69.4,normal,flying,Wing Attack,Brave Bird,Aerial Ace
Suicune,69.4,water,none,Snarl,Bubble Beam,Hydro Pump
Parasect,69.3,bug,grass,Fury Cutter,X-Scissor,Cross Poison
Tangela,69.3,grass,none,Vine Whip,Grass Knot,Sludge Bomb
Torracat,69.3,fire,none,Ember,Flame Charge,Crunch
Pumpkaboo (Small),69.2,ghost,grass,Razor Leaf,Grass Knot,Foul Play
Rotom (Wash),69.2,electric,water,Thunder Shock,Thunderbolt,Hydro Pump
Swadloon,69.1,bug,grass,Bug Bite,Energy Ball,Bug Buzz
Golurk,69,ground,ghost,Mud Slap,Shadow Punch,Dynamic Punch
Lairon (Shadow),69,steel,rock,Metal Claw,Rock Slide,Body Slam
Weepinbell,69,grass,poison,Bullet Seed,Power Whip,Sludge Bomb
Alakazam (Shadow),68.9,psychic,none,Counter,Fire Punch,Shadow Ball
Entei,68.9,fire,none,Fire Spin,Flame Charge,Iron Head
Omanyte (Shadow),68.9,rock,water,Mud Shot,Rock Blast,Brine
Cloyster,68.8,water,ice,Ice Shard,Icy Wind,Hydro Pump
Growlithe (Hisuian),68.8,fire,rock,Ember,Rock Slide,Crunch
Sliggoo,68.8,dragon,none,Water Gun,Muddy Water,Dragon Pulse
Arcanine,68.7,fire,none,Snarl,Wild Charge,Flamethrower
Karrablast,68.7,bug,none,Fury Cutter,Drill Run,X-Scissor
Simipour,68.7,water,none,Water Gun,Surf,Crunch
Slowbro (Galarian),68.7,poison,psychic,Poison Jab,Sludge Bomb,Focus Blast
Staraptor (Shadow),68.7,normal,flying,Gust,Brave Bird,Close Combat
Staravia,68.7,normal,flying,Wing Attack,Brave Bird,Aerial Ace
Incineroar,68.6,fire,dark,Snarl,Dark Pulse,Fire Blast
Dustox,68.5,bug,poison,Confusion,Sludge Bomb,Bug Buzz
Houndoom,68.5,dark,fire,Snarl,Crunch,Flamethrower
Lumineon,68.5,water,none,Water Gun,Blizzard,Silver Wind
Monferno,68.5,fire,fighting,Ember,Flamethrower,Low Sweep
Rayquaza,68.5,dragon,flying,Dragon Tail,Outrage,Aerial Ace
Latias (Shadow),68.4,dragon,psychic,Dragon Breath,Mist Ball,Thunder
Slowpoke (Galarian),68.4,psychic,none,Confusion,Surf,Psyshock
Braixen,68.3,fire,none,Ember,Flame Charge,Psyshock
Dusknoir (Shadow),68.3,ghost,none,Hex,Shadow Ball,Dark Pulse
Magby,68.3,fire,none,Karate Chop,Fire Punch,Brick Break
Purugly,68.3,normal,none,Shadow Claw,Aerial Ace,Thunder
Emboar,68.2,fire,fighting,Ember,Blast Burn,Rock Slide
Sharpedo,68.2,water,dark,Waterfall,Crunch,Poison Fang
Tangela (Shadow),68.2,grass,none,Vine Whip,Grass Knot,Sludge Bomb
Tranquill,68.2,normal,flying,Air Slash,Sky Attack,Aerial Ace
Dwebble,68.1,bug,rock,Smack Down,X-Scissor,Rock Blast
Exeggutor (Alolan),68.1,grass,dragon,Dragon Tail,Seed Bomb,Draco Meteor
Jolteon,68,electric,none,Volt Switch,Discharge,Last Resort
Klang,68,steel,none,Thunder Shock,Thunderbolt,Vise Grip
Shelgon (Shadow),68,dragon,none,Dragon Breath,Flamethrower,Dragon Pulse
Breloom,67.9,grass,fighting,Counter,Dynamic Punch,Grass Knot
Aggron,67.8,steel,rock,Smack Down,Stone Edge,Thunder
Charmeleon,67.8,fire,none,Ember,Fire Punch,Return
Manectric (Shadow),67.8,electric,none,Snarl,Wild Charge,Overheat
Mightyena,67.8,dark,none,Ice Fang,Crunch,Poison Fang
Plusle,67.8,electric,none,Spark,Thunderbolt,Grass Knot
Turtwig,67.8,grass,none,Razor Leaf,Body Slam,Seed Bomb
Tyrantrum,67.8,rock,dragon,Dragon Tail,Stone Edge,Crunch
Lileep (Shadow),67.7,rock,grass,Infestation,Grass Knot,Ancient Power
Teddiursa (Shadow),67.7,normal,none,Lick,Cross Chop,Crunch
Weavile (Shadow),67.7,dark,ice,Snarl,Avalanche,Foul Play
Graveler (Shadow),67.6,rock,ground,Rock Throw,Rock Slide,Rock Blast
Stoutland,67.6,normal,none,Lick,Wild Charge,Crunch
Corsola,67.5,water,rock,Bubble,Rock Blast,Bubble Beam
Flareon,67.5,fire,none,Fire Spin,Superpower,Flamethrower
Lairon,67.5,steel,rock,Metal Claw,Rock Slide,Body Slam
Wormadam (Sandy),67.5,bug,ground,Bug Bite,Bug Buzz,Bulldoze
Manectric,67.4,electric,none,Snarl,Wild Charge,Overheat
Masquerain,67.4,bug,flying,Air Slash,Bubble Beam,Lunge
Murkrow,67.3,dark,flying,Feint Attack,Drill Peck,Foul Play
Quilava (Shadow),67.2,fire,none,Ember,Flame Charge,Flamethrower
Aerodactyl (Shadow),67.1,rock,flying,Rock Throw,Rock Slide,Earth Power
Armaldo,67.1,rock,bug,Fury Cutter,Rock Blast,Cross Poison
Scyther,67.1,bug,flying,Fury Cutter,Night Slash,X-Scissor
Tyranitar (Shadow),67.1,rock,dark,Smack Down,Crunch,Stone Edge
Cryogonal,67,ice,none,Ice Shard,Night Slash,Aurora Beam
Weavile,67,dark,ice,Snarl,Avalanche,Foul Play
Brionne,66.9,water,none,Charm,Disarming Voice,Aqua Jet
Arcanine (Hisuian),66.8,fire,rock,Snarl,Wild Charge,Rock Slide
Cinccino,66.8,normal,none,Charm,Aqua Tail,Thunderbolt
Pyroar,66.8,fire,normal,Fire Fang,Flame Charge,Overheat
Staraptor,66.8,normal,flying,Gust,Brave Bird,Close Combat
Cloyster (Shadow),66.5,water,ice,Ice Shard,Icy Wind,Hydro Pump
Gigalith,66.5,rock,none,Smack Down,Rock Slide,Superpower
Golem (Shadow),66.5,rock,ground,Rock Throw,Stone Edge,Rock Blast
Metagross,66.4,steel,psychic,Bullet Punch,Meteor Mash,Psychic
Pignite,66.3,fire,fighting,Ember,Flame Charge,Rock Tomb
Latias,66.2,dragon,psychic,Dragon Breath,Mist Ball,Thunder
Slowpoke,66.2,water,psychic,Confusion,Psyshock,Water Pulse
Wartortle (Shadow),66.2,water,none,Water Gun,Ice Beam,Hydro Pump
Wormadam (Plant),66.2,bug,grass,Bug Bite,Bug Buzz,Energy Ball
Dugtrio (Alolan),66.1,ground,steel,Mud Slap,Mud Bomb,Iron Head
Kangaskhan,66.1,normal,none,Mud Slap,Crunch,Stomp
Sandshrew (Shadow),66.1,ground,none,Mud Shot,Rock Slide,Sand Tomb
Chinchou,65.9,water,electric,Spark,Thunderbolt,Bubble Beam
Skrelp,65.9,poison,water,Water Gun,Aqua Tail,Sludge Bomb
Murkrow (Shadow),65.7,dark,flying,Feint Attack,Drill Peck,Foul Play
Amoonguss (Shadow),65.6,grass,poison,Feint Attack,Grass Knot,Sludge Bomb
Glaceon,65.6,ice,none,Ice Shard,Avalanche,Icy Wind
Porygon-Z,65.6,normal,none,Lock On,Tri Attack,Zap Cannon
Garbodor,65.5,poison,none,Infestation,Body Slam,Seed Bomb
Lombre,65.5,water,grass,Bubble,Grass Knot,Ice Beam
Omanyte,65.5,rock,water,Mud Shot,Rock Blast,Brine
Quilava,65.5,fire,none,Ember,Flame Charge,Return
Rhyperior,65.5,ground,rock,Mud Slap,Rock Wrecker,Surf
Simisear,65.5,fire,none,Fire Spin,Crunch,Flamethrower
Sandshrew,65.4,ground,none,Mud Shot,Rock Slide,Sand Tomb
Rhydon,65.2,ground,rock,Mud Slap,Stone Edge,Surf
Smoochum,65.2,ice,psychic,Powder Snow,Ice Punch,Psyshock
Vanillish,65.2,ice,none,Frost Breath,Icy Wind,Signal Beam
Metagross (Shadow),65.1,steel,psychic,Bullet Punch,Meteor Mash,Psychic
Ninjask,65.1,bug,flying,Fury Cutter,Aerial Ace,Bug Buzz
Teddiursa,65.1,normal,none,Lick,Cross Chop,Crunch
Yanmega,65.1,bug,flying,Wing Attack,Bug Buzz,Aerial Ace
Delphox,65,fire,psychic,Fire Spin,Flame Charge,Psychic
Exeggcute,65,grass,psychic,Confusion,Seed Bomb,Psychic
Kabutops,65,rock,water,Mud Shot,Stone Edge,Ancient Power
Lilligant,65,grass,none,Charm,Petal Blizzard,Hyper Beam
Sawk,65,fighting,none,Poison Jab,Body Slam,Focus Blast
Eelektross,64.9,electric,none,Spark,Dragon Claw,Crunch
Liepard (Shadow),64.9,dark,none,Snarl,Dark Pulse,Play Rough
Persian (Alolan),64.9,dark,none,Feint Attack,Foul Play,Play Rough
Sunflora,64.9,grass,none,Bullet Seed,Sludge Bomb,Leaf Storm
Ursaring,64.9,normal,none,Counter,Close Combat,Hyper Beam
Gothitelle,64.8,psychic,none,Confusion,Rock Slide,Psychic
Heliolisk,64.8,electric,normal,Volt Switch,Thunderbolt,Grass Knot
Seel,64.8,water,none,Water Gun,Aqua Tail,Icy Wind
Sneasel,64.8,dark,ice,Ice Shard,Avalanche,Foul Play
Gabite,64.7,dragon,ground,Mud Shot,Flamethrower,Twister
Aerodactyl,64.6,rock,flying,Rock Throw,Rock Slide,Earth Power
Archen,64.6,rock,flying,Wing Attack,Dragon Claw,Crunch
Exeggutor,64.6,grass,psychic,Bullet Seed,Seed Bomb,Psychic
Frogadier,64.6,water,none,Bubble,Surf,Aerial Ace
Mismagius,64.6,ghost,none,Hex,Shadow Ball,Dark Pulse
Ursaring (Shadow),64.6,normal,none,Counter,Close Combat,Hyper Beam
Stunky (Shadow),64.5,poison,dark,Bite,Crunch,Sludge Bomb
Misdreavus (Shadow),64.4,ghost,none,Hex,Dark Pulse,Ominous Wind
Mr. Rime,64.4,ice,psychic,Confusion,Icy Wind,Psychic
Exeggcute (Shadow),64.3,grass,psychic,Confusion,Seed Bomb,Psychic
Slowpoke (Shadow),64.3,water,psychic,Confusion,Psyshock,Water Pulse
Tyranitar,64.3,rock,dark,Smack Down,Crunch,Stone Edge
Geodude (Shadow),64.2,rock,ground,Rock Throw,Rock Slide,Dig
Hippopotas,64.1,ground,none,Bite,Body Slam,Rock Tomb
Salamence (Shadow),64,dragon,flying,Dragon Tail,Outrage,Hydro Pump
Darumaka (Galarian),63.9,ice,none,Ice Fang,Ice Punch,Ice Beam
Rhyhorn,63.9,ground,rock,Mud Slap,Stomp,Horn Attack
Archeops,63.8,rock,flying,Wing Attack,Dragon Claw,Crunch
Metang,63.8,steel,psychic,Metal Claw,Psyshock,Gyro Ball
Unfezant,63.6,normal,flying,Air Slash,Sky Attack,Hyper Beam
Bulbasaur (Shadow),63.5,grass,poison,Vine Whip,Power Whip,Sludge Bomb
Dugtrio (Shadow),63.5,ground,none,Sucker Punch,Mud Bomb,Stone Edge
Gothorita,63.5,psychic,none,Confusion,Psychic,Future Sight
Weezing (Shadow),63.5,poison,none,Infestation,Sludge Bomb,Shadow Ball
Boldore,63.4,rock,none,Smack Down,Rock Slide,Bulldoze
Golett,63.4,ground,ghost,Mud Slap,Shadow Punch,Brick Break
Onix,63.4,rock,ground,Rock Throw,Rock Slide,Stone Edge
Exeggutor (Shadow),63.3,grass,psychic,Bullet Seed,Seed Bomb,Psychic
Togetic,63.3,fairy,flying,Hidden Power (Flying),Aerial Ace,Ancient Power
Toucannon,63.3,normal,flying,Bullet Seed,Drill Peck,Rock Blast
Elekid,63.1,electric,none,Thunder Shock,Thunder Punch,Brick Break
Frillish,63.1,water,ghost,Hex,Ice Beam,Ominous Wind
Furret,62.9,normal,none,Quick Attack,Brick Break,Hyper Beam
Houndour (Shadow),62.9,dark,fire,Ember,Crunch,Flamethrower
Mienshao,62.9,fighting,none,Poison Jab,Brick Break,Grass Knot
Miltank,62.9,normal,none,Tackle,Body Slam,Ice Beam
Slowbro (Shadow),62.9,water,psychic,Confusion,Psychic,Ice Beam
Snover,62.9,grass,ice,Powder Snow,Ice Beam,Energy Ball
Chimecho,62.8,psychic,none,Extrasensory,Psyshock,Shadow Ball
Slowking (Shadow),62.8,water,psychic,Confusion,Psychic,Blizzard
Sneasel (Shadow),62.8,dark,ice,Ice Shard,Avalanche,Foul Play
Geodude,62.7,rock,ground,Rock Throw,Rock Slide,Return
Rotom (Mow),62.7,electric,grass,Thunder Shock,Thunderbolt,Ominous Wind
Slowking,62.7,water,psychic,Confusion,Psychic,Blizzard
Bulbasaur,62.6,grass,poison,Vine Whip,Power Whip,Sludge Bomb
Espurr,62.5,psychic,none,Confusion,Psyshock,Energy Ball
Misdreavus,62.5,ghost,none,Hex,Dark Pulse,Ominous Wind
Slowbro,62.5,water,psychic,Confusion,Psychic,Ice Beam
Porygon-Z (Shadow),62.4,normal,none,Lock On,Tri Attack,Zap Cannon
Trapinch (Shadow),62.4,ground,none,Mud Shot,Crunch,Sand Tomb
Aipom (Shadow),62.3,normal,none,Scratch,Aerial Ace,Low Sweep
Lycanroc (Midday),62.3,rock,none,Rock Throw,Stone Edge,Drill Run
Oricorio (Sensu),62.3,ghost,flying,Air Slash,Aerial Ace,Hurricane
Weezing,62.3,poison,none,Infestation,Sludge Bomb,Shadow Ball
Chespin,62.2,grass,none,Vine Whip,Body Slam,Seed Bomb
Lampent,62.1,ghost,fire,Ember,Energy Ball,Flame Burst
Liepard,62.1,dark,none,Snarl,Dark Pulse,Play Rough
Metang (Shadow),62.1,steel,psychic,Metal Claw,Psyshock,Gyro Ball
Roggenrola,62.1,rock,none,Smack Down,Stone Edge,Rock Blast
Snover (Shadow),62,grass,ice,Powder Snow,Ice Beam,Energy Ball
Whirlipede,61.9,bug,poison,Poison Sting,Sludge Bomb,Signal Beam
Slowking (Galarian),61.8,poison,psychic,Hex,Shadow Ball,Sludge Wave
Loudred (Shadow),61.7,normal,none,Bite,Stomp,Disarming Voice
Mismagius (Shadow),61.7,ghost,none,Hex,Shadow Ball,Dark Pulse
Roselia,61.7,grass,poison,Poison Jab,Sludge Bomb,Petal Blizzard
Camerupt (Shadow),61.6,fire,ground,Ember,Overheat,Earth Power
Houndour,61.6,dark,fire,Ember,Crunch,Flamethrower
Oricorio (Pom-Pom),61.6,electric,flying,Air Slash,Aerial Ace,Hurricane
Aron (Shadow),61.5,steel,rock,Metal Claw,Body Slam,Iron Head
Dodrio,61.5,normal,flying,Feint Attack,Brave Bird,Drill Peck
Maractus,61.5,grass,none,Bullet Seed,Aerial Ace,Petal Blizzard
Lunatone,61.4,rock,psychic,Confusion,Rock Slide,Psychic
Meowstic (Female),61.4,psychic,none,Confusion,Psychic,Shadow Ball
Solrock,61.4,rock,psychic,Confusion,Rock Slide,Psychic
Hippopotas (Shadow),61.3,ground,none,Bite,Body Slam,Rock Tomb
Dubwool,61.2,normal,none,Tackle,Body Slam,Wild Charge
Octillery,61.2,water,none,Lock On,Octazooka,Gunk Shot
Arbok,61,poison,none,Dragon Tail,Dark Pulse,Sludge Wave
Aron,61,steel,rock,Metal Claw,Body Slam,Iron Head
Oricorio (Baile),61,fire,flying,Air Slash,Aerial Ace,Hurricane
Swanna (Shadow),61,water,flying,Water Gun,Hurricane,Ice Beam
Yanma,61,bug,flying,Wing Attack,Aerial Ace,Silver Wind
Arbok (Shadow),60.9,poison,none,Dragon Tail,Dark Pulse,Sludge Wave
Krokorok,60.8,ground,dark,Mud Slap,Crunch,Earthquake
Stunky,60.8,poison,dark,Bite,Crunch,Sludge Bomb
Meowstic (Male),60.7,psychic,none,Confusion,Psychic,Thunderbolt
Rowlet,60.7,grass,flying,Razor Leaf,Seed Bomb,Energy Ball
Swoobat,60.7,psychic,flying,Confusion,Aerial Ace,Psychic
Ambipom (Shadow),60.6,normal,none,Scratch,Aerial Ace,Low Sweep
Popplio,60.6,water,none,Water Gun,Aqua Tail,Aqua Jet
Skorupi (Shadow),60.6,poison,bug,Poison Sting,Cross Poison,Aqua Tail
Persian (Shadow),60.1,normal,none,Feint Attack,Night Slash,Play Rough
Trapinch,60.1,ground,none,Mud Shot,Crunch,Return
Exploud,59.8,normal,none,Bite,Crunch,Disarming Voice
Exploud (Shadow),59.8,normal,none,Bite,Crunch,Disarming Voice
Mr. Mime (Galarian),59.8,ice,psychic,Confusion,Ice Punch,Psychic
Trumbeak,59.8,normal,flying,Peck,Drill Peck,Rock Blast
Camerupt,59.7,fire,ground,Ember,Earth Power,Overheat
Drilbur,59.7,ground,none,Mud Slap,Drill Run,Rock Tomb
Mankey,59.7,fighting,none,Karate Chop,Cross Chop,Brick Break
Persian,59.7,normal,none,Feint Attack,Night Slash,Return
Darmanitan (Galarian),59.6,ice,none,Ice Fang,Avalanche,Superpower
Salamence,59.6,dragon,flying,Dragon Tail,Outrage,Hydro Pump
Braviary,59.5,normal,flying,Air Slash,Brave Bird,Close Combat
Floatzel,59.5,water,none,Waterfall,Hydro Pump,Aqua Jet
Absol,59.4,dark,none,Snarl,Dark Pulse,Megahorn
Shellos,59.3,water,none,Mud Slap,Body Slam,Mud Bomb
Fearow,59.1,normal,flying,Peck,Sky Attack,Drill Run
Loudred,59.1,normal,none,Bite,Stomp,Disarming Voice
Mothim,59.1,bug,flying,Bug Bite,Bug Buzz,Aerial Ace
Nosepass,58.9,rock,none,Rock Throw,Rock Slide,Rock Blast
Porygon,58.9,normal,none,Quick Attack,Discharge,Hyper Beam
Rampardos,58.8,rock,none,Smack Down,Rock Slide,Flamethrower
Pidgeotto,58.5,normal,flying,Wing Attack,Aerial Ace,Twister
Skorupi,58.5,poison,bug,Poison Sting,Cross Poison,Aqua Tail
Watchog (Shadow),58.5,normal,none,Bite,Crunch,Hyper Fang
Absol (Shadow),58.4,dark,none,Snarl,Dark Pulse,Megahorn
Grumpig,58.4,psychic,none,Extrasensory,Psychic,Shadow Ball
Mr. Mime,58.4,psychic,fairy,Confusion,Psychic,Shadow Ball
Blissey,58.1,normal,none,Zen Headbutt,Psychic,Hyper Beam
Nosepass (Shadow),57.7,rock,none,Rock Throw,Rock Slide,Rock Blast
Snubbull (Shadow),57.7,fairy,none,Bite,Crunch,Brick Break
Pupitar (Shadow),57.4,rock,ground,Bite,Crunch,Ancient Power
Sawsbuck,57.4,normal,grass,Feint Attack,Wild Charge,Megahorn
Beheeyem,57.3,psychic,none,Confusion,Rock Slide,Psychic
Klefki,57.3,steel,fairy,Astonish,Foul Play,Play Rough
Oricorio (Pa'u),57.2,psychic,flying,Air Slash,Aerial Ace,Hurricane
Totodile (Shadow),57.2,water,none,Water Gun,Crunch,Aqua Jet
Girafarig (Shadow),57,normal,psychic,Confusion,Psychic,Thunderbolt
Goldeen,57,water,none,Mud Shot,Aqua Tail,Horn Attack
Herdier,57,normal,none,Lick,Thunderbolt,Play Rough
Aipom,56.9,normal,none,Scratch,Aerial Ace,Return
Clawitzer,56.8,water,none,Water Gun,Crabhammer,Ice Beam
Cubone (Shadow),56.8,ground,none,Mud Slap,Bone Club,Bulldoze
Pineco (Shadow),56.8,bug,none,Bug Bite,Rock Tomb,Sand Tomb
Cacturne,56.6,grass,dark,Poison Jab,Grass Knot,Payback
Girafarig,56.6,normal,psychic,Confusion,Psychic,Thunderbolt
Watchog,56.5,normal,none,Bite,Crunch,Hyper Fang
Flaaffy,56.4,electric,none,Charge Beam,Discharge,Return
Clauncher,56,water,none,Water Gun,Crabhammer,Aqua Jet
Jynx,56,ice,psychic,Confusion,Avalanche,Ice Punch
Snubbull,55.9,fairy,none,Bite,Crunch,Brick Break
Raticate,55.8,normal,none,Quick Attack,Hyper Fang,Return
Chatot,55.7,normal,flying,Peck,Sky Attack,Night Shade
Piplup,55.7,water,none,Bubble,Drill Peck,Icy Wind
Seadra (Shadow),55.7,water,none,Dragon Breath,Hydro Pump,Blizzard
Xatu,55.7,psychic,flying,Air Slash,Aerial Ace,Future Sight
Cubone,55.6,ground,none,Mud Slap,Bone Club,Return
Bergmite,55.5,ice,none,Bite,Icy Wind,Crunch
Accelgor,55.4,bug,none,Infestation,Bug Buzz,Acid Spray
Ambipom,55.4,normal,none,Scratch,Aerial Ace,Return
Beautifly,55.4,bug,flying,Infestation,Bug Buzz,Silver Wind
Elgyem,55.3,psychic,none,Confusion,Psychic,Dark Pulse
Totodile,55.3,water,none,Water Gun,Crunch,Aqua Jet
Pupitar,55.2,rock,ground,Bite,Crunch,Ancient Power
Hoopa,55.1,psychic,ghost,Confusion,Shadow Ball,Psychic
Kabuto,55.1,rock,water,Mud Shot,Ancient Power,Aqua Jet
Starmie,55,water,psychic,Water Gun,Psychic,Ice Beam
Noivern,54.6,flying,dragon,Air Slash,Hurricane,Psychic
Drowzee,54.5,psychic,none,Confusion,Psyshock,Return
Drowzee (Shadow),54.5,psychic,none,Confusion,Psyshock,Psychic
Eevee,54.5,normal,none,Quick Attack,Body Slam,Last Resort
Gumshoos,54.4,normal,none,Bite,Crunch,Hyper Fang
Mesprit,54.4,psychic,none,Confusion,Future Sight,Blizzard
Volbeat,54.4,bug,none,Struggle Bug,Bug Buzz,Thunderbolt
Sigilyph,54.3,psychic,flying,Air Slash,Ancient Power,Signal Beam
Illumise,54.2,bug,none,Struggle Bug,Bug Buzz,Silver Wind
Cacturne (Shadow),54.1,grass,dark,Poison Jab,Grass Knot,Dark Pulse
Swanna,54,water,flying,Air Slash,Hurricane,Ice Beam
Flaaffy (Shadow),53.9,electric,none,Charge Beam,Discharge,Power Gem
Koffing,53.7,poison,none,Infestation,Dark Pulse,Sludge Bomb
Throh,53.5,fighting,none,Low Kick,Body Slam,Focus Blast
Flabebe,53.4,fairy,none,Vine Whip,Psychic,Dazzling Gleam
Gorebyss,53.3,water,none,Water Gun,Psychic,Water Pulse
Buneary,53.2,normal,none,Quick Attack,Fire Punch,Swift
Musharna,52.9,psychic,none,Charge Beam,Psyshock,Dazzling Gleam
Koffing (Shadow),52.7,poison,none,Infestation,Dark Pulse,Sludge Bomb
Butterfree,52.5,bug,flying,Confusion,Bug Buzz,Psychic
Krabby,52.3,water,none,Bubble,Vise Grip,Bubble Beam
Seadra,52.3,water,none,Dragon Breath,Hydro Pump,Blizzard
Axew,51.8,dragon,none,Scratch,Dragon Claw,Aqua Tail
Raticate (Shadow),51.8,normal,none,Quick Attack,Hyper Fang,Dig
Runerigus,51.8,ground,ghost,Astonish,Shadow Ball,Rock Tomb
Espeon,51.7,psychic,none,Confusion,Psychic,Shadow Ball
Cherrim (Overcast),51.5,grass,none,Bullet Seed,Solar Beam,Dazzling Gleam
Pineco,51.5,bug,none,Bug Bite,Rock Tomb,Return
Vanilluxe,51.3,ice,none,Frost Breath,Blizzard,Signal Beam
Weezing (Galarian),51.2,poison,fairy,Tackle,Sludge,Play Rough
Azelf,51,psychic,none,Confusion,Future Sight,Fire Blast
Phanpy,50.7,ground,none,Rock Smash,Body Slam,Rock Slide
Stufful,50.6,normal,fighting,Tackle,Superpower,Stomp
Meltan,50.5,steel,none,Thunder Shock,Thunderbolt,Flash Cannon
Anorith (Shadow),50,rock,bug,Struggle Bug,Cross Poison,Ancient Power
Deoxys (Speed),49.9,psychic,none,Charge Beam,Psycho Boost,Thunderbolt
Pancham,49.3,fighting,none,Low Kick,Body Slam,Crunch
Tentacool,49.2,water,poison,Bubble,Wrap,Bubble Beam
Audino,49.1,normal,none,Zen Headbutt,Disarming Voice,Hyper Beam
Corphish,48.8,water,none,Bubble,Aqua Jet,Vise Grip
Hitmonlee (Shadow),48.6,fighting,none,Rock Smash,Close Combat,Stone Edge
Ferroseed,48.5,grass,steel,Metal Claw,Iron Head,Flash Cannon
Anorith,47.9,rock,bug,Struggle Bug,Cross Poison,Ancient Power
Timburr,47.8,fighting,none,Low Kick,Brick Break,Rock Tomb
Ponyta (Galarian),47.4,psychic,none,Psycho Cut,Play Rough,Psybeam
Stantler (Shadow),47.3,normal,none,Tackle,Wild Charge,Stomp
Porygon (Shadow),46.7,normal,none,Charge Beam,Discharge,Signal Beam
Tauros,46.5,normal,none,Tackle,Horn Attack,Earthquake
Deerling,45.5,normal,grass,Tackle,Wild Charge,Seed Bomb
Hitmonlee,45.5,fighting,none,Rock Smash,Close Combat,Stone Edge
Stantler,45.5,normal,none,Tackle,Wild Charge,Stomp
Lopunny,43.8,normal,none,Low Kick,Fire Punch,Focus Blast
Munna,42.5,psychic,none,Charge Beam,Psyshock,Dazzling Gleam
Reuniclus,42.4,psychic,none,Hidden Power (Fighting),Future Sight,Shadow Ball
Duosion,42.1,psychic,none,Hidden Power (Psychic),Psyshock,Thunder
Solosis,42,psychic,none,Hidden Power (Psychic),Psyshock,Thunder
Swirlix,41.3,fairy,none,Tackle,Energy Ball,Draining Kiss
Clefairy,40.6,fairy,none,Zen Headbutt,Body Slam,Disarming Voice
Mienfoo,40.4,fighting,none,Low Kick,Brick Break,Focus Blast
Spoink,39,psychic,none,Zen Headbutt,Shadow Ball,Mirror Coat
Unown,37.2,psychic,none,Hidden Power (Psychic),Struggle,
Shaymin (Land),36.2,grass,none,Zen Headbutt,Grass Knot,Seed Flare
Slaking,26.5,normal,none,Yawn,Body Slam,Earthquake
